T0,T2,T1,lagT0,lagT1,lagT2,reponseT1,reponseT2,related
MANOS,XXPIESX,2222222,7,1,12,j,j,1
TIENDA,COMERCIO,8888888,7,3,10,j,j,1
CORTINA,XCOLCHA,3333333,10,1,9,f,j,1
PERRO,XXGATOX,5555555,10,1,9,f,j,1
SOPESAR,XPENSAR,7777777,7,7,6,f,j,1
BOLSA,XXSACOX,3333333,7,7,6,f,j,1
PAJA,XXHENOX,3333333,10,7,3,f,j,1
SEMILLA,XXRAÍZX,2222222,7,7,6,j,j,1
JURA,PROMETE,7777777,10,3,7,f,j,1
GANAR,XPERDER,3333333,7,3,10,f,j,1
SUCIO,XLIMPIO,2222222,7,3,10,j,j,1
UVA,XXPASAX,5555555,7,1,12,f,j,1
PEAJE,XXTASAX,7777777,7,1,12,f,j,1
GLOBO,XHELIOX,4444444,10,3,7,j,j,1
EXAMEN,XPRUEBA,2222222,7,7,6,j,j,1
TOS,XMOCOSX,2222222,10,7,3,j,j,1
AMABLE,GROSERO,7777777,10,3,7,f,j,1
CANASTA,XCESTAX,6666666,10,1,9,j,j,1
SALÓN,COMEDOR,5555555,7,3,10,f,j,1
EMPUJAR,XTIRARX,3333333,7,3,10,f,j,1
SUELO,XPAREDX,4444444,7,1,12,j,j,1
ENFADO,XFURIAX,7777777,10,1,9,f,j,1
SAL,XAZUCAR,8888888,10,1,9,j,j,1
TECLA,XBOTONX,4444444,10,3,7,j,j,1
ENEMIGO,XAMIGOX,7777777,10,1,9,f,j,1
HERIDA,XDOLORX,2222222,10,3,7,j,j,1
PUÑAL,XNAVAJA,4444444,7,3,10,j,j,1
TAZA,XTETERA,9999999,10,3,7,f,j,1
BEBÉ,XXNIÑOX,8888888,10,7,3,j,j,1
ORDEN,XXCAOSX,7777777,7,3,10,f,j,1
CERVEZA,XXVINOX,8888888,7,1,12,j,j,1
GRANDE,XENORME,7777777,7,1,12,f,j,1
BARCO,XXBOTEX,2222222,7,1,12,j,j,1
ANIMAL,XXZOOXX,5555555,10,7,3,f,j,1
TIEMPO,XRELOJX,3333333,7,1,12,f,j,1
HACHA,XXLEÑAX,6666666,7,7,6,j,j,1
COMIDA,PICOTEO,8888888,10,1,9,j,j,1
CHARLA,DISCURSO,2222222,10,1,9,j,j,1
VAGÓN,XXTRENX,6666666,7,3,10,j,j,1
REY,XREINAX,7777777,7,1,12,f,j,1
POSTRE,XDULCEX,6666666,7,7,6,j,j,1
SILLA,XXMESAX,4444444,10,7,3,j,j,1
DÉBIL,XFUERTE,6666666,10,3,7,j,j,1
ARROZ,XPAELLA,4444444,10,1,9,j,j,1
MUJER,XHOMBRE,5555555,10,7,3,f,j,1
LABIOS,DIENTES,5555555,7,7,6,f,j,1
ARENA,XPLAYAX,3333333,10,1,9,f,j,1
ESCUELA,COLEGIO,3333333,7,7,6,f,j,1
TUYO,XXMÍOXX,8888888,10,7,3,j,j,1
TRIGO,XGRANOX,8888888,7,7,6,j,j,1
GEMA,XXJOYAX,9999999,7,7,6,f,j,1
VASO,XXAGUAX,9999999,10,7,3,f,j,1
PUÑO,XGOLPEX,2222222,10,3,7,j,j,1
LIMA,XLIMÓNX,9999999,10,1,9,f,j,1
ESPUMA,AFEITAR,8888888,10,1,9,j,j,1
PLANETA,XTIERRA,4444444,7,7,6,j,j,1
ATLAS,XXMAPAX,6666666,10,7,3,j,j,1
JUEGO,APUESTA,6666666,10,1,9,j,j,1
CAMA,COLCHÓN,5555555,7,7,6,f,j,1
NUEVE,XXDIEZX,3333333,7,1,12,f,j,1
PLATO,BANDEJA,6666666,7,3,10,j,j,1
COCHE,XCAMION,5555555,7,7,6,f,j,1
TABACO,XCÁNCER,6666666,7,3,10,j,j,1
AZUL,XCIELOX,6666666,10,1,9,j,j,1
MATAR,XSANGRE,2222222,7,1,12,j,j,1
ACEITE,XXPANXX,3333333,7,1,12,f,j,1
COMIDA,XXCENAX,4444444,7,3,10,j,j,1
COBRE,XBRONCE,7777777,7,7,6,f,j,1
YO,XXXTÚXX,3333333,7,7,6,f,j,1
TEJA,XTEJADO,4444444,10,7,3,j,j,1
SILLON,XXSOFAX,9999999,10,3,7,f,j,1
NOMBRE,XXEDADX,9999999,7,1,12,f,j,1
ALTO,XXBAJOX,9999999,7,1,12,f,j,1
TROTAR,XCORRER,8888888,7,1,12,j,j,1
DESEO,XSUEÑOX,9999999,10,3,7,f,j,1
AJEDREZ,XXPEÓNX,9999999,10,7,3,f,j,1
SOLEADO,NUBLADO,4444444,7,3,10,j,j,1
CÁLIDO,XCALORX,9999999,10,7,3,f,j,1
NIEVE,GRANIZO,2222222,7,7,6,j,j,1
ABRIL,XXMAYOX,3333333,7,7,6,f,j,1
HÚMEDO,XXSECOX,6666666,10,1,9,j,j,1
FRUTA,MANZANA,7777777,7,7,6,f,j,1
CERDO,XPOLLOX,6666666,7,1,12,j,j,1
AMOR,XXODIOX,3333333,7,1,12,f,j,1
MINUTO,XXHORAX,5555555,7,7,6,f,j,1
ENFERMO,XXSANOX,8888888,10,1,9,j,j,1
RÍO,XARROYO,5555555,7,7,6,f,j,1
ORACIÓN,XXDIOSX,6666666,10,3,7,j,j,1
NEGRO,XBLANCO,2222222,10,3,7,j,j,1
PANTANO,XXLAGOX,7777777,10,1,9,f,j,1
PEGAR,XXUNIRX,9999999,7,7,6,f,j,1
OJOS,XNARIZX,3333333,10,1,9,f,j,1
JARABE,PÍLDORA,3333333,10,3,7,f,j,1
PÚBLICO,PRIVADO,8888888,7,7,6,j,j,1
CINTA,XXLAZOX,5555555,10,1,9,f,j,1
GALLO,GALLINA,6666666,10,7,3,j,j,1
JOVEN,XVIEJOX,3333333,10,3,7,f,j,1
BIEN,XXMALXX,7777777,10,3,7,f,j,1
PULGADA,XMETROX,4444444,10,1,9,j,j,1
BARRO,XXLODOX,4444444,10,7,3,j,j,1
RECIBIR,XENVIAR,7777777,10,7,3,f,j,1
ESTRÉS,TENSIÓN,7777777,7,1,12,f,j,1
REFRÁN,XDICHOX,7777777,10,7,3,f,j,1
ACERO,XHIERRO,5555555,7,3,10,f,j,1
EMPEZAR,DETENER,2222222,7,3,10,j,j,1
PRÓXIMO,XLEJANO,4444444,7,7,6,j,j,1
CONEJO,XLIEBRE,5555555,10,7,3,f,j,1
BRAZO,XPIERNA,7777777,10,3,7,f,j,1
CAFÉ,XXXTÉXX,7777777,7,3,10,f,j,1
NOTA,XCURSOX,5555555,10,1,9,f,j,1
GRANJA,GRANERO,8888888,7,1,12,j,j,1
LARGO,XCORTOX,6666666,7,3,10,j,j,1
MUCHOS,XPOCOSX,5555555,7,7,6,f,j,1
TEATRO,XDRAMAX,4444444,7,7,6,j,j,1
ABAJO,XARRIBA,8888888,10,1,9,j,j,1
VAQUEROS,XINDIOS,6666666,10,3,7,j,j,1
CHICO,XCHICAX,5555555,7,3,10,f,j,1
AHORA,ENTONCES,8888888,7,3,10,j,j,1
ESPECIA,XHIERBA,2222222,10,1,9,j,j,1
PRIMERO,XÚLTIMO,7777777,7,1,12,f,j,1
SAUNA,PISCINA,2222222,10,3,7,j,j,1
TIRITA,XVENDAX,8888888,7,7,6,j,j,1
VISTA,XXOIDOX,3333333,7,7,6,f,j,1
CABALLO,XXPONIX,4444444,7,1,12,j,j,1
TIZA,PIZARRA,9999999,7,3,10,f,j,1
ZUMO,XPULPAX,2222222,10,1,9,j,j,1
ENSEÑA,APRENDE,6666666,10,1,9,j,j,1
TORO,XXBUEYX,6666666,7,7,6,j,j,1
ACNÉ,XGRANOX,8888888,10,3,7,j,j,1
RUEDA,XLLANTA,5555555,7,1,12,f,j,1
USADO,XNUEVOX,9999999,7,3,10,f,j,1
GINEBRA,XVODKAX,5555555,10,3,7,f,j,1
PELDAÑO,ESCALÓN,4444444,7,7,6,j,j,1
HONDO,XLLANOX,8888888,7,1,12,j,j,1
CALLE,AVENIDA,6666666,10,7,3,j,j,1
VENDER,COMPRAR,6666666,10,3,7,j,j,1
DEDOS,XXMANOX,8888888,10,7,3,j,j,1
PERDER,XHALLAR,6666666,7,1,12,j,j,1
RENTA,XCASERO,2222222,7,3,10,j,j,1
PASEAR,CAMINAR,6666666,10,3,7,j,j,1
JUGUETE,XMUÑECA,9999999,10,3,7,f,j,1
MAMÁ,XXPAPÁX,9999999,7,3,10,f,j,1
PINO,XROBLEX,9999999,10,7,3,f,j,1
GUSANO,LOMBRIZ,8888888,10,3,7,j,j,1
CARCEL,PRISIÓN,9999999,10,1,9,f,j,1
ÉL,XXELLAX,2222222,7,3,10,j,j,1
VISÓN,XXPELOX,9999999,7,3,10,f,j,1
ONZA,XLIBRAX,6666666,7,3,10,j,j,1
MÚSICA,CANCIÓN,2222222,10,3,7,j,j,1
ROPA,REMIENDO,7777777,7,7,6,f,j,1
CREAR,DISEÑAR,2222222,7,3,10,j,j,1
GASTAR,AHORRAR,8888888,7,7,6,j,j,1
TORPE,XHABILX,5555555,7,1,12,f,j,1
RELEVO,CARRERA,7777777,7,1,12,f,j,1
COLOR,XXROJOX,2222222,7,7,6,j,j,1
MUY,XMUCHOX,3333333,7,3,10,f,j,1
OLFATO,XGUSTOX,5555555,10,7,3,f,j,1
INICIO,XXFINXX,9999999,10,3,7,f,j,1
ROMPER,XRASGAR,3333333,7,7,6,f,j,1
TRISTE,XLLOROX,5555555,10,7,3,f,j,1
ECCEMA,XRASCAR,7777777,7,1,12,f,j,1
FOGÓN,XCOCINA,4444444,7,1,12,j,j,1
ÁGUILA,XPÁJARO,7777777,10,3,7,f,j,1
NOVELA,XLIBROX,9999999,10,3,7,f,j,1
EBRIO,XSOBRIO,2222222,10,7,3,j,j,1
TRUENO,XXRAYOX,7777777,7,3,10,f,j,1
CAMISETA,PANTALÓN,9999999,7,3,10,f,j,1
COCHE,XXMOTOX,8888888,10,1,9,j,j,1
MES,XXAÑOXX,2222222,10,3,7,j,j,1
BRISA,XVIENTO,2222222,10,1,9,j,j,1
VAPOR,XXVAHOX,9999999,7,3,10,f,j,1
ENCHUFE,XCABLEX,6666666,7,3,10,j,j,1
ABEJA,XAVISPA,3333333,10,1,9,f,j,1
PLATO,XCUENCO,2222222,10,1,9,j,j,1
VIVIR,XMORIRX,3333333,7,7,6,f,j,1
CERCA,XLEJOSX,5555555,10,1,9,f,j,1
GANAR,XPERDER,9999999,10,7,3,f,j,1
AZÚCAR,XDULCEX,8888888,10,1,9,j,j,1
MOQUETA,FELPUDO,8888888,10,1,9,j,j,1
PAR,XIMPARX,4444444,7,7,6,j,j,1
ROCA,XPIEDRA,3333333,10,3,7,f,j,1
DEJAR,MARCHAR,6666666,10,1,9,j,j,1
PASILLO,XXFILAX,7777777,10,3,7,f,j,1
ABRIR,XCERRAR,5555555,10,1,9,f,j,1
CONSOLA,XMANDOX,2222222,10,1,9,j,j,1
FALDA,VESTIDO,5555555,7,1,12,f,j,1
FUERA,XDENTRO,8888888,10,1,9,j,j,1
VENTA,SUBASTA,7777777,10,3,7,f,j,1
ARRIBA,XABAJOX,7777777,10,3,7,f,j,1
DINERO,XCHEQUE,7777777,7,1,12,f,j,1
RABO,XXCOLAX,6666666,10,7,3,j,j,1
CURA,IGLESIA,5555555,10,3,7,f,j,1
GOTA,XCHARCO,4444444,7,3,10,j,j,1
NIEVE,XLLUVIA,9999999,10,1,9,f,j,1
DIPLOMA,XGRADOX,8888888,10,1,9,j,j,1
GOSPEL,XXCOROX,8888888,10,3,7,j,j,1
CHEDDAR,XQUESOX,9999999,10,7,3,f,j,1
TINTA,BOLÍGRAFO,8888888,7,7,6,j,j,1
ABRAZO,XXBESOX,8888888,7,3,10,j,j,1
CRECER,ENCOGER,9999999,10,1,9,f,j,1
NORTE,XXSURXX,2222222,10,1,9,j,j,1
MONO,XSIMIOX,4444444,10,1,9,j,j,1
MELODÍA,XXTONOX,7777777,10,1,9,f,j,1
OLLAS,SARTENES,7777777,10,3,7,f,j,1
CABEZA,XXPELOX,5555555,10,1,9,f,j,1
ACEITE,VINAGRE,3333333,7,1,12,f,j,1
CIUDAD,XPUEBLO,3333333,10,3,7,f,j,1
MONEDA,XXEUROX,3333333,10,1,9,f,j,1
LEER,ESCRIBIR,7777777,7,1,12,f,j,1
PASTEL,XTARTAX,8888888,10,1,9,j,j,1
PUERTAS,VENTANAS,2222222,10,3,7,j,j,1
PÓSTER,XFIRMAX,9999999,10,1,9,f,j,1
JUSTICIA,XXLEYXX,7777777,10,7,3,f,j,1
PISTOLA,DISPARO,6666666,10,3,7,j,j,1
HIELO,XHELADO,4444444,7,1,12,j,j,1
MUEBLE,XCAJÓNX,5555555,7,1,12,f,j,1
OCEANO,XXMARXX,2222222,7,3,10,j,j,1
PASADO,XFUTURO,8888888,7,1,12,j,j,1
SIEMPRE,XNUNCAX,7777777,7,7,6,f,j,1
ESTACIÓN,DEPÓSITO,3333333,10,1,9,f,j,1
ENCIMA,XDEBAJO,2222222,7,7,6,j,j,1
LUNA,ESTRELLA,6666666,10,3,7,j,j,1
CODO,RODILLA,4444444,7,3,10,j,j,1
TENEDOR,CUCHARA,4444444,7,1,12,j,j,1
EQUIPO,JUGADOR,5555555,7,3,10,f,j,1
LANZAR,XCOGERX,9999999,7,3,10,f,j,1
ZORRO,XXLOBOX,4444444,10,7,3,j,j,1
LECHE,XXNATAX,3333333,7,3,10,f,j,1
TABLET,XMOVILX,5555555,10,3,7,f,j,1
CARTA,XXNOTAX,2222222,10,7,3,j,j,1
COBARDE,XHÉROEX,2222222,7,7,6,j,j,1
MEJOR,XXPEORX,3333333,10,3,7,f,j,1
ZAPATO,CALCETÍN,4444444,7,1,12,j,j,1
CORREO,XSELLOX,7777777,10,3,7,f,j,1
ALEGRE,XFELIZX,6666666,7,3,10,j,j,1
PEINE,CEPILLO,3333333,7,1,12,f,j,1
GRITAR,CHILLAR,7777777,7,3,10,f,j,1
MIRAR,XXVERXX,5555555,10,1,9,f,j,1
MASTICAR,XTRAGAR,2222222,10,3,7,j,j,1
ELLA,XXXELXX,6666666,7,7,6,j,j,1
CHARLAR,XHABLAR,3333333,7,3,10,f,j,1
CÍRCULO,XÓVALOX,9999999,7,3,10,f,j,1
CÉSPED,XVERDEX,7777777,10,7,3,f,j,1
MANTA,XSÁBANA,9999999,7,7,6,f,j,1
SÍ,XXXNOXX,3333333,7,7,6,f,j,1
AQUÍ,XXALLÍX,8888888,10,3,7,j,j,1
BISTURÍ,XCORTEX,3333333,10,3,7,f,j,1
ERGUIDO,SENTADO,2222222,10,7,3,j,j,1
SABOR,XXOLORX,5555555,10,3,7,f,j,1
AGUJA,XXHILOX,4444444,10,1,9,j,j,1
NÚMEROS,XLETRAS,3333333,7,1,12,f,j,1
POLICÍA,XMULTAX,8888888,7,3,10,j,j,1
INSULTO,XOFENSA,4444444,10,3,7,j,j,1
VOZ,XXMUDOX,8888888,10,1,9,j,j,1
MÁS,XMENOSX,4444444,10,1,9,j,j,1
RICO,XPOBREX,9999999,10,3,7,f,j,1
ON,XXOFFXX,4444444,10,7,3,j,j,1
CIEGO,XSORDOX,6666666,7,7,6,j,j,1
TABERNA,XXBARXX,9999999,7,3,10,f,j,1
UVA,XMOSTOX,2222222,7,1,12,j,j,1
BÍCEPS,MÚSCULO,3333333,7,7,6,f,j,1
PARQUE,XBANCOX,6666666,7,1,12,j,j,1
PESO,BASCULA,9999999,10,3,7,f,j,1
ARAÑA,XXTELAX,3333333,7,1,12,f,j,1
TEMOR,XMIEDOX,6666666,7,7,6,j,j,1
BICHO,INSECTO,5555555,7,3,10,f,j,1
PICO,XXPALAX,5555555,7,3,10,f,j,1
LADRÓN,XXROBOX,2222222,10,3,7,j,j,1
DIVERSIÓN,XJUEGOX,3333333,10,7,3,f,j,1
TOALLA,XTRAPOX,3333333,10,7,3,f,j,1
TERNERO,XXVACAX,6666666,7,7,6,j,j,1
REPOSO,XRELAXX,7777777,7,1,12,f,j,1
ESTAFA,XENGAÑO,6666666,7,3,10,j,j,1
BEICON,XHUEVOS,6666666,7,1,12,j,j,1
AYUDAR,ASISTIR,2222222,10,3,7,j,j,1
LEÓN,XTIGREX,9999999,7,3,10,f,j,1
COMER,XBEBERX,9999999,10,3,7,f,j,1
ENERGÍA,XFUERZA,2222222,7,1,12,j,j,1
FRESCO,PODRIDO,9999999,7,1,12,f,j,1
FRUNCIR,SONREIR,7777777,10,1,9,f,j,1
HORMIGA,TERMITA,4444444,7,1,12,j,j,1
UNO,XXDOSXX,9999999,7,3,10,f,j,1
LLAVE,CANDADO,8888888,10,7,3,j,j,1
MEDIO,XENTERO,9999999,10,3,7,f,j,1
CIERTO,XFALSOX,4444444,10,1,9,j,j,1
PEZ,ACUARIO,7777777,10,3,7,f,j,1
LABOR,TRABAJO,3333333,7,1,12,f,j,1
LOCO,DEMENTE,2222222,10,3,7,j,j,1
TENIS,RAQUETA,2222222,7,1,12,j,j,1
BEBÉ,BIBERÓN,5555555,7,1,12,f,j,1
TEJER,XCOSERX,6666666,10,7,3,j,j,1
RAMO,XFLORES,8888888,10,7,3,j,j,1
ESMALTE,XXUÑAXX,2222222,10,3,7,j,j,1
NIEBLA,XBRUMAX,7777777,10,3,7,f,j,1
PULMÓN,CORAZÓN,8888888,7,3,10,j,j,1
GUERRA,XXPAZXX,7777777,10,3,7,f,j,1
SEGUIR,DIRIGIR,6666666,10,3,7,j,j,1
ARBITRO,XFALTAX,3333333,7,1,12,f,j,1
OCULTAR,XBUSCAR,6666666,7,1,12,j,j,1
APROBAR,XFALLAR,4444444,7,7,6,j,j,1
TIJERA,XCORTAR,7777777,10,3,7,f,j,1
BUFANDA,XCUELLO,5555555,10,3,7,f,j,1
BRINCAR,XSALTAR,3333333,10,3,7,f,j,1
RANA,XXSAPOX,8888888,7,1,12,j,j,1
MEZCLAR,REMOVER,3333333,10,7,3,f,j,1
ÁSPERO,XSUAVEX,4444444,10,1,9,j,j,1
CIGARRO,XXPUROX,7777777,10,3,7,f,j,1
RATA,XRATÓNX,8888888,10,7,3,j,j,1
PESCADO,XESCAMA,8888888,10,3,7,j,j,1
HIJO,XPADREX,3333333,10,3,7,f,j,1
MOFETA,XPESTEX,3333333,7,3,10,f,j,1
DAR,RECIBIR,5555555,10,1,9,f,j,1
BANCO,XCAJERO,7777777,7,3,10,f,j,1
CLAVO,MARTILLO,2222222,7,3,10,j,j,1
PILOTO,XAVIÓNX,9999999,10,3,7,f,j,1
FÁCIL,DIFÍCIL,3333333,10,7,3,f,j,1
OVEJA,CORDERO,3333333,7,3,10,f,j,1
ESPADA,XESCUDO,3333333,10,1,9,f,j,1
BARRER,XESCOBA,6666666,10,3,7,j,j,1
OSCURO,XCLAROX,4444444,10,3,7,j,j,1
SIROPE,TORTITA,3333333,10,7,3,f,j,1
CIRCO,XPAYASO,6666666,10,7,3,j,j,1
GRIEGO,XLATÍNX,7777777,7,7,6,f,j,1
DIA,XNOCHEX,5555555,10,7,3,f,j,1
DOCTOR,ENFERMERO,5555555,7,1,12,f,j,1
CEÑIDO,XANCHOX,3333333,10,1,9,f,j,1
VOLAR ,PLANEAR,9999999,10,7,3,f,j,1
BLANDO,XXDUROX,9999999,7,7,6,f,j,1
ARADO,XCAMPOX,2222222,7,7,6,j,j,1
LLAMA,XFUEGOX,7777777,7,7,6,f,j,1
MÁS,XMENOSX,7777777,7,1,12,f,j,1
CALIENTE,XXFRIOX,3333333,7,1,12,f,j,1
SEDA,XSATÉNX,6666666,10,1,9,j,j,1
MUERTO,XXVIVOX,3333333,7,7,6,f,j,1
GNOMO,XENANOX,3333333,7,1,12,f,j,1
CASA,XHOGARX,5555555,7,7,6,f,j,1
FONTANERO,TUBERÍA,9999999,7,3,10,f,j,1
LUZ,XSOMBRA,4444444,7,7,6,j,j,1
LLEVAR,XPORTAR,2222222,7,7,6,j,j,1
BROCHA,XPINCEL,3333333,10,1,9,f,j,1
CASTAÑA,XXNUEZX,4444444,7,1,12,j,j,1
SED,XHAMBRE,8888888,7,3,10,j,j,1
HORNO,XPIZZAX,3333333,7,3,10,f,j,1
PEQUEÑO,XCANIJO,6666666,10,3,7,j,j,1
GENTE,XGENTÍO,2222222,10,1,9,j,j,1
FLOTAR,XHUNDIR,9999999,10,7,3,f,j,1
MOHO,XHONGOX,5555555,10,7,3,f,j,1
ESTE,XOESTEX,2222222,10,1,9,j,j,1
ESMOQUIN,XTRAJEX,2222222,7,7,6,j,j,1
RÁPIDO,XLENTOX,2222222,10,1,9,j,j,1
TÍA,XXTÍOXX,6666666,10,3,7,j,j,1
TONTO,XLISTOX,3333333,7,7,6,f,j,1
ALGUNO,NINGUNO,9999999,7,7,6,f,j,1
DANZA,XBAILEX,8888888,7,3,10,j,j,1
FIESTA,XJUERGA,9999999,10,3,7,f,j,1
OREJA,XOREJAX,4444444,10,7,3,j,j,1
GANSO,XXPATOX,6666666,10,1,9,j,j,1
DELGADO,XGORDOX,7777777,10,3,7,f,j,1
MEMORIA,XMENTEX,7777777,10,7,3,f,j,1
COMIC,XVIÑETA,8888888,10,1,9,j,j,1
MANOS,XGUSTOX,8888888,10,1,9,j,f,0
TIENDA,AVENIDA,8888888,10,7,3,j,f,0
CORTINA,XTRAGAR,2222222,10,1,9,j,f,0
PERRO,XMENOSX,6666666,7,1,12,j,f,0
SOPESAR,COMEDOR,9999999,7,7,6,f,f,0
BOLSA,XXFINXX,5555555,7,7,6,f,f,0
PAJA,XSUEÑOX,3333333,7,7,6,f,f,0
SEMILLA,XPIEDRA,7777777,7,3,10,f,f,0
JURA,XLIMPIO,4444444,10,1,9,j,f,0
GANAR,XENTERO,7777777,7,1,12,f,f,0
SUCIO,XCORTEX,2222222,10,1,9,j,f,0
UVA,XPAREDX,7777777,10,3,7,f,f,0
PEAJE,XCHARCO,5555555,7,1,12,f,f,0
GLOBO,XXDUROX,7777777,10,3,7,f,f,0
EXAMEN,XXNIÑOX,4444444,10,3,7,j,f,0
TOS,XSALTAR,3333333,10,1,9,f,f,0
AMABLE,XCANIJO,3333333,7,7,6,f,f,0
CANASTA,XFALSOX,8888888,10,3,7,j,f,0
SALÓN,BANDEJA,2222222,10,7,3,j,f,0
EMPUJAR,XXAÑOXX,3333333,7,3,10,f,f,0
SUELO,XXRAÍZX,3333333,7,1,12,f,f,0
ENFADO,VENTANAS,9999999,10,3,7,f,f,0
SAL,XXVIVOX,4444444,7,1,12,j,f,0
TECLA,XLEJOSX,8888888,7,1,12,j,f,0
ENEMIGO,XHONGOX,9999999,7,1,12,f,f,0
HERIDA,XLIMÓNX,2222222,10,3,7,j,f,0
PUÑAL,XXMOTOX,6666666,7,3,10,j,f,0
TAZA,XMUCHOX,3333333,7,7,6,f,f,0
BEBÉ,XDOLORX,2222222,7,7,6,j,f,0
ORDEN,XBLANCO,2222222,7,3,10,j,f,0
CERVEZA,ESCRIBIR,8888888,7,7,6,j,f,0
GRANDE,XLISTOX,8888888,7,1,12,j,f,0
BARCO,XCUENCO,6666666,10,1,9,j,f,0
ANIMAL,XHOGARX,3333333,7,7,6,f,f,0
TIEMPO,XPOBREX,9999999,10,3,7,f,f,0
HACHA,XXTÍOXX,6666666,7,7,6,j,f,0
COMIDA,XVERDEX,2222222,7,7,6,j,f,0
CHARLA,XMIEDOX,4444444,10,7,3,j,f,0
VAGÓN,XXBUEYX,4444444,7,1,12,j,f,0
REY,XXOFFXX,2222222,7,7,6,j,f,0
POSTRE,XXPATOX,9999999,7,1,12,f,f,0
SILLA,XXCAOSX,9999999,7,3,10,f,f,0
DÉBIL,REMIENDO,9999999,7,7,6,f,f,0
ARROZ,XVIEJOX,9999999,7,3,10,f,f,0
MUJER,XMULTAX,2222222,10,1,9,j,f,0
LABIOS,XPULPAX,5555555,7,3,10,f,f,0
ARENA,XBOTONX,9999999,10,1,9,f,f,0
ESCUELA,XXALLÍX,4444444,10,7,3,j,f,0
TUYO,ENCOGER,3333333,10,7,3,f,f,0
TRIGO,XCORTOX,4444444,10,3,7,j,f,0
GEMA,XRASCAR,4444444,7,7,6,j,f,0
VASO,XSOBRIO,5555555,7,3,10,f,f,0
PUÑO,XFLORES,2222222,7,1,12,j,f,0
LIMA,XESCUDO,8888888,10,7,3,j,f,0
ESPUMA,XPADREX,6666666,7,3,10,j,f,0
PLANETA,XLIEBRE,4444444,10,7,3,j,f,0
ATLAS,XLLUVIA,3333333,10,7,3,f,f,0
JUEGO,APRENDE,5555555,10,7,3,f,f,0
CAMA,XTARTAX,9999999,7,1,12,f,f,0
NUEVE,XXLODOX,7777777,7,1,12,f,f,0
PLATO,XDULCEX,3333333,7,7,6,f,f,0
COCHE,XFALTAX,4444444,7,3,10,j,f,0
TABACO,XBRONCE,6666666,10,1,9,j,f,0
AZUL,IGLESIA,5555555,7,3,10,f,f,0
MATAR,XNAVAJA,4444444,10,7,3,j,f,0
ACEITE,XRASGAR,4444444,10,3,7,j,f,0
COMIDA,BIBERÓN,3333333,10,1,9,f,f,0
COBRE,COLEGIO,7777777,10,3,7,f,f,0
YO,XDULCEX,9999999,7,3,10,f,f,0
TEJA,XXPASAX,7777777,10,3,7,f,f,0
SILLON,XXROJOX,8888888,10,7,3,j,f,0
NOMBRE,XHELIOX,6666666,7,1,12,j,f,0
ALTO,XXPAZXX,5555555,10,3,7,f,f,0
TROTAR,PODRIDO,4444444,7,3,10,j,f,0
DESEO,XXLEYXX,7777777,10,1,9,f,f,0
AJEDREZ,TERMITA,7777777,7,7,6,f,f,0
SOLEADO,LOMBRIZ,4444444,7,3,10,j,f,0
CÁLIDO,XXNOTAX,2222222,10,3,7,j,f,0
NIEVE,VESTIDO,2222222,10,3,7,j,f,0
ABRIL,XLEJANO,4444444,7,3,10,j,f,0
HÚMEDO,XVIENTO,9999999,7,3,10,f,f,0
FRUTA,XPAYASO,3333333,10,1,9,f,f,0
CERDO,SONREIR,5555555,10,1,9,f,f,0
AMOR,XGRANOX,4444444,7,7,6,j,f,0
MINUTO,XHUNDIR,7777777,7,1,12,f,f,0
ENFERMO,XHIERRO,3333333,7,3,10,f,f,0
RÍO,ESCALÓN,5555555,10,3,7,f,f,0
ORACIÓN,XENANOX,9999999,7,3,10,f,f,0
NEGRO,XXEDADX,5555555,7,7,6,f,f,0
PANTANO,XXPEÓNX,3333333,7,1,12,f,f,0
PEGAR,XANCHOX,8888888,7,7,6,j,f,0
OJOS,XXCOLAX,2222222,10,7,3,j,f,0
JARABE,XXSOFAX,8888888,7,7,6,j,f,0
PÚBLICO,RODILLA,7777777,10,1,9,f,f,0
CINTA,XCOSERX,8888888,10,7,3,j,f,0
GALLO,XXTELAX,2222222,10,3,7,j,f,0
JOVEN,XARRIBA,9999999,10,3,7,f,f,0
BIEN,XXDOSXX,5555555,7,3,10,f,f,0
PULGADA,XPÁJARO,9999999,10,1,9,f,f,0
BARRO,XPERDER,6666666,7,1,12,j,f,0
RECIBIR,XLIBROX,7777777,10,1,9,f,f,0
ESTRÉS,CANDADO,3333333,10,3,7,f,f,0
REFRÁN,XXZOOXX,9999999,10,1,9,f,f,0
ACERO,XDENTRO,3333333,10,7,3,f,f,0
EMPEZAR,DIENTES,7777777,7,1,12,f,f,0
PRÓXIMO,XXJOYAX,6666666,10,3,7,j,f,0
CONEJO,ENFERMERO,5555555,7,7,6,f,f,0
BRAZO,XXMANOX,2222222,7,7,6,j,f,0
CAFÉ,XBUSCAR,5555555,10,1,9,f,f,0
NOTA,XABAJOX,9999999,7,7,6,f,f,0
GRANJA,XPORTAR,2222222,7,3,10,j,f,0
LARGO,XCAJERO,9999999,10,1,9,f,f,0
MUCHOS,XHUEVOS,2222222,10,7,3,j,f,0
TEATRO,SENTADO,7777777,10,3,7,f,f,0
ABAJO,PRIVADO,5555555,7,7,6,f,f,0
VAQUEROS,XXOIDOX,7777777,10,7,3,f,f,0
CHICO,APUESTA,3333333,10,3,7,f,f,0
AHORA,TENSIÓN,8888888,7,7,6,j,f,0
ESPECIA,GALLINA,9999999,7,1,12,f,f,0
PRIMERO,XNARIZX,9999999,10,7,3,f,f,0
SAUNA,CUCHARA,6666666,7,3,10,j,f,0
TIRITA,XXODIOX,7777777,10,1,9,f,f,0
VISTA,MARCHAR,4444444,10,1,9,j,f,0
CABALLO,XÚLTIMO,6666666,7,1,12,j,f,0
TIZA,XMENTEX,6666666,10,1,9,j,f,0
ZUMO,PROMETE,2222222,10,3,7,j,f,0
ENSEÑA,XCAMION,9999999,7,1,12,f,f,0
TORO,GRANIZO,2222222,10,3,7,j,f,0
ACNÉ,XRATÓNX,7777777,10,7,3,f,f,0
RUEDA,DETENER,3333333,7,7,6,f,f,0
USADO,XCOGERX,3333333,10,1,9,f,f,0
GINEBRA,XTIRARX,6666666,10,3,7,j,f,0
PELDAÑO,SARTENES,2222222,10,3,7,j,f,0
HONDO,VINAGRE,8888888,10,7,3,j,f,0
CALLE,XLETRAS,2222222,7,7,6,j,f,0
VENDER,XBEBERX,4444444,10,1,9,j,f,0
DEDOS,XPOLLOX,6666666,10,7,3,j,f,0
PERDER,XPESTEX,6666666,7,1,12,j,f,0
RENTA,XXLAZOX,7777777,7,7,6,f,f,0
PASEAR,XGRADOX,7777777,10,1,9,f,f,0
JUGUETE,XHOMBRE,2222222,10,7,3,j,f,0
MAMÁ,XXMESAX,7777777,7,1,12,f,f,0
PINO,XXLEÑAX,5555555,10,7,3,f,f,0
GUSANO,TRABAJO,6666666,10,3,7,j,f,0
CARCEL,XIMPARX,9999999,7,3,10,f,f,0
ÉL,XLATÍNX,6666666,7,1,12,j,f,0
VISÓN,XXMALXX,5555555,7,7,6,f,f,0
ONZA,XGORDOX,4444444,10,3,7,j,f,0
MÚSICA,XXFILAX,2222222,7,3,10,j,f,0
ROPA,PICOTEO,5555555,7,7,6,f,f,0
CREAR,XCORRER,5555555,10,1,9,f,f,0
GASTAR,BASCULA,2222222,7,7,6,j,f,0
TORPE,XXFRIOX,2222222,7,3,10,j,f,0
RELEVO,PRISIÓN,3333333,10,3,7,f,f,0
COLOR,XVIÑETA,5555555,7,1,12,f,f,0
MUY,XFURIAX,2222222,10,1,9,j,f,0
OLFATO,XCOLCHA,7777777,7,7,6,f,f,0
INICIO,XTIGREX,4444444,10,1,9,j,f,0
ROMPER,XLLOROX,7777777,10,3,7,f,f,0
TRISTE,XXSACOX,6666666,7,3,10,j,f,0
ECCEMA,XHAMBRE,3333333,10,7,3,f,f,0
FOGÓN,XESCAMA,2222222,10,1,9,j,f,0
ÁGUILA,XXDIEZX,5555555,10,3,7,f,f,0
NOVELA,XGENTÍO,7777777,7,3,10,f,f,0
EBRIO,XXHENOX,3333333,10,7,3,f,f,0
TRUENO,XHABILX,9999999,10,1,9,f,f,0
CAMISETA,XFUERTE,3333333,7,3,10,f,f,0
COCHE,PÍLDORA,4444444,10,7,3,j,f,0
MES,XTEJADO,7777777,7,1,12,f,f,0
BRISA,XCHICAX,6666666,10,3,7,j,f,0
VAPOR,XCALORX,5555555,10,7,3,f,f,0
ENCHUFE,PISCINA,6666666,7,3,10,j,f,0
ABEJA,XOREJAX,4444444,7,3,10,j,f,0
PLATO,REMOVER,8888888,10,3,7,j,f,0
VIVIR,XFELIZX,6666666,10,1,9,j,f,0
CERCA,XDICHOX,6666666,7,3,10,j,f,0
GANAR,XXMAPAX,2222222,7,1,12,j,f,0
AZÚCAR,XXBAJOX,7777777,7,1,12,f,f,0
MOQUETA,CARRERA,7777777,7,3,10,f,f,0
PAR,XROBLEX,6666666,7,7,6,j,f,0
ROCA,ASISTIR,2222222,7,1,12,j,f,0
DEJAR,XMETROX,8888888,10,7,3,j,f,0
PASILLO,XCOCINA,7777777,10,3,7,f,f,0
ABRIR,CALCETÍN,8888888,7,3,10,j,f,0
CONSOLA,XSÁBANA,6666666,10,3,7,j,f,0
FALDA,XHABLAR,7777777,7,1,12,f,f,0
FUERA,AHORRAR,7777777,7,3,10,f,f,0
VENTA,XXBOTEX,5555555,10,3,7,f,f,0
ARRIBA,XPENSAR,7777777,10,1,9,f,f,0
DINERO,XXRAYOX,4444444,7,7,6,j,f,0
RABO,XHELADO,3333333,7,7,6,f,f,0
CURA,XBANCOX,5555555,10,3,7,f,f,0
GOTA,XCESTAX,4444444,10,1,9,j,f,0
NIEVE,XXOLORX,8888888,10,1,9,j,f,0
DIPLOMA,XXELLAX,2222222,7,1,12,j,f,0
GOSPEL,XXUNIRX,3333333,7,1,12,f,f,0
CHEDDAR,XXPALAX,7777777,10,7,3,f,f,0
TINTA,XFALLAR,5555555,10,7,3,f,f,0
ABRAZO,XMUÑECA,9999999,7,1,12,f,f,0
CRECER,XOESTEX,6666666,10,7,3,j,f,0
NORTE,MARTILLO,8888888,10,3,7,j,f,0
MONO,XXVAHOX,3333333,10,1,9,f,f,0
MELODÍA,XCURSOX,3333333,7,1,12,f,f,0
OLLAS,XCERRAR,5555555,10,1,9,f,f,0
CABEZA,XVODKAX,6666666,7,7,6,j,f,0
ACEITE,XÓVALOX,6666666,10,3,7,j,f,0
CIUDAD,XFUTURO,6666666,10,7,3,j,f,0
MONEDA,COMPRAR,8888888,7,3,10,j,f,0
LEER,XCAMPOX,3333333,10,7,3,f,f,0
PASTEL,XAVIÓNX,9999999,10,1,9,f,f,0
PUERTAS,XXMÍOXX,4444444,7,7,6,j,f,0
PÓSTER,XSOMBRA,5555555,10,3,7,f,f,0
JUSTICIA,JUGADOR,5555555,7,3,10,f,f,0
PISTOLA,XTIERRA,8888888,10,3,7,j,f,0
HIELO,XXNUEZX,5555555,7,1,12,f,f,0
MUEBLE,XCLAROX,4444444,10,1,9,j,f,0
OCEANO,XXBARXX,3333333,7,3,10,f,f,0
PASADO,XJUERGA,8888888,7,1,12,j,f,0
SIEMPRE,XNUEVOX,9999999,7,7,6,f,f,0
ESTACIÓN,XAVISPA,2222222,10,7,3,j,f,0
ENCIMA,XXMAYOX,7777777,7,7,6,f,f,0
LUNA,XMORIRX,3333333,10,7,3,f,f,0
CODO,XHALLAR,5555555,10,1,9,f,f,0
TENEDOR,XXPEORX,2222222,7,7,6,j,f,0
EQUIPO,XENORME,9999999,10,1,9,f,f,0
LANZAR,XCÁNCER,3333333,10,3,7,f,f,0
ZORRO,XFUEGOX,4444444,10,7,3,j,f,0
LECHE,XTRAPOX,5555555,10,7,3,f,f,0
TABLET,DISCURSO,7777777,10,7,3,f,f,0
CARTA,XXHORAX,6666666,10,1,9,j,f,0
COBARDE,XDEBAJO,4444444,7,7,6,j,f,0
MEJOR,CORAZÓN,9999999,7,3,10,f,f,0
ZAPATO,XXUÑAXX,2222222,10,7,3,j,f,0
CORREO,XDRAMAX,3333333,10,1,9,f,f,0
ALEGRE,XXGATOX,6666666,7,3,10,j,f,0
PEINE,XCORTAR,9999999,7,3,10,f,f,0
GRITAR,XMENOSX,8888888,7,3,10,j,f,0
MIRAR,XHIERBA,2222222,10,3,7,j,f,0
MASTICAR,XXCOROX,8888888,7,1,12,j,f,0
ELLA,XPRUEBA,4444444,7,3,10,j,f,0
CHARLAR,BOLÍGRAFO,3333333,7,3,10,f,f,0
CÍRCULO,XBRUMAX,5555555,10,1,9,f,f,0
CÉSPED,XTETERA,7777777,7,3,10,f,f,0
MANTA,XSELLOX,3333333,7,3,10,f,f,0
SÍ,ACUARIO,6666666,10,3,7,j,f,0
AQUÍ,XXXTÚXX,8888888,10,3,7,j,f,0
BISTURÍ,NINGUNO,4444444,10,3,7,j,f,0
ERGUIDO,XINDIOS,3333333,7,7,6,f,f,0
SABOR,XXCENAX,4444444,10,3,7,j,f,0
AGUJA,XXPELOX,8888888,7,1,12,j,f,0
NÚMEROS,DIFÍCIL,7777777,10,7,3,f,f,0
POLICÍA,XSIMIOX,7777777,10,1,9,f,f,0
INSULTO,CANCIÓN,7777777,10,7,3,f,f,0
VOZ,SUBASTA,5555555,10,1,9,f,f,0
MÁS,XJUEGOX,3333333,10,7,3,f,f,0
RICO,TORTITA,9999999,10,7,3,f,f,0
ON,XXVACAX,6666666,7,1,12,j,f,0
CIEGO,XXVINOX,3333333,10,3,7,f,f,0
TABERNA,CHILLAR,3333333,10,3,7,f,f,0
UVA,XCIELOX,2222222,7,7,6,j,f,0
BÍCEPS,MÚSCULO,9999999,10,3,7,f,f,0
PARQUE,XPIERNA,8888888,7,7,6,j,f,0
PESO,MANZANA,6666666,10,7,3,j,f,0
ARAÑA,ESTRELLA,9999999,7,3,10,f,f,0
TEMOR,XMOCOSX,4444444,7,3,10,j,f,0
BICHO,XTRAJEX,2222222,10,1,9,j,f,0
PICO,XXSAPOX,6666666,7,1,12,j,f,0
LADRÓN,XLLANTA,2222222,10,3,7,j,f,0
DIVERSIÓN,XCABLEX,8888888,7,1,12,j,f,0
TOALLA,XARROYO,9999999,7,3,10,f,f,0
TERNERO,XLENTOX,2222222,7,1,12,j,f,0
REPOSO,INSECTO,4444444,7,1,12,j,f,0
ESTAFA,XXBESOX,9999999,7,1,12,f,f,0
BEICON,XHÉROEX,9999999,10,1,9,f,f,0
AYUDAR,COMERCIO,3333333,7,7,6,f,f,0
LEÓN,DISEÑAR,2222222,10,3,7,j,f,0
COMER,XQUESOX,8888888,10,1,9,j,f,0
ENERGÍA,XPERDER,2222222,10,7,3,j,f,0
FRESCO,XCHEQUE,5555555,7,3,10,f,f,0
FRUNCIR,NUBLADO,3333333,10,3,7,f,f,0
HORMIGA,XXROBOX,4444444,7,1,12,j,f,0
UNO,XMOSTOX,8888888,7,7,6,j,f,0
LLAVE,XXLAGOX,5555555,7,3,10,f,f,0
MEDIO,GRANERO,3333333,10,1,9,f,f,0
CIERTO,XXXELXX,2222222,10,3,7,j,f,0
PEZ,PLANEAR,3333333,10,1,9,f,f,0
LABOR,XPUEBLO,3333333,7,3,10,f,f,0
LOCO,XLIBRAX,2222222,10,3,7,j,f,0
TENIS,XMANDOX,8888888,10,7,3,j,f,0
BEBÉ,XXPONIX,7777777,10,3,7,f,f,0
TEJER,XXHILOX,9999999,7,7,6,f,f,0
RAMO,XXNATAX,6666666,10,7,3,j,f,0
ESMALTE,ENTONCES,5555555,7,1,12,f,f,0
NIEBLA,XXPIESX,8888888,10,7,3,j,f,0
PULMÓN,XNUNCAX,4444444,10,1,9,j,f,0
GUERRA,XXSURXX,5555555,7,3,10,f,f,0
SEGUIR,XXPELOX,2222222,7,7,6,j,f,0
ARBITRO,COLCHÓN,9999999,7,7,6,f,f,0
OCULTAR,XMOVILX,7777777,10,1,9,f,f,0
APROBAR,DISPARO,5555555,10,3,7,f,f,0
TIJERA,AFEITAR,7777777,10,3,7,f,f,0
BUFANDA,XPOCOSX,4444444,10,7,3,j,f,0
BRINCAR,CAMINAR,4444444,7,7,6,j,f,0
RANA,DEMENTE,7777777,10,7,3,f,f,0
MEZCLAR,XNOCHEX,8888888,7,1,12,j,f,0
ÁSPERO,XXAGUAX,5555555,10,7,3,f,f,0
CIGARRO,RECIBIR,2222222,7,7,6,j,f,0
RATA,XGRANOX,6666666,7,1,12,j,f,0
PESCADO,XENVIAR,3333333,10,3,7,f,f,0
HIJO,FELPUDO,7777777,10,3,7,f,f,0
MOFETA,XXTONOX,9999999,10,3,7,f,f,0
DAR,XXEUROX,5555555,7,1,12,f,f,0
BANCO,XFUERZA,3333333,10,7,3,f,f,0
CLAVO,CORDERO,7777777,10,1,9,f,f,0
PILOTO,RAQUETA,3333333,10,1,9,f,f,0
FÁCIL,PIZARRA,9999999,7,3,10,f,f,0
OVEJA,XFIRMAX,9999999,7,3,10,f,f,0
ESPADA,XPINCEL,8888888,10,3,7,j,f,0
BARRER,XRELAXX,7777777,10,1,9,f,f,0
OSCURO,XXSANOX,2222222,10,7,3,j,f,0
SIROPE,XXTRENX,6666666,10,7,3,j,f,0
CIRCO,XSATÉNX,5555555,7,1,12,f,f,0
GRIEGO,XLLANOX,9999999,7,3,10,f,f,0
DIA,XCASERO,7777777,7,3,10,f,f,0
DOCTOR,XCAJÓNX,6666666,10,1,9,j,f,0
CEÑIDO,XXLOBOX,9999999,10,3,7,f,f,0
VOLAR ,XXXNOXX,6666666,7,7,6,j,f,0
BLANDO,XXTASAX,6666666,7,1,12,j,f,0
ARADO,CEPILLO,5555555,10,1,9,f,f,0
LLAMA,XXXTÉXX,4444444,10,1,9,j,f,0
MÁS,XAMIGOX,7777777,10,1,9,f,f,0
CALIENTE,XXPAPÁX,2222222,10,7,3,j,f,0
SEDA,XXDIOSX,8888888,7,7,6,j,f,0
MUERTO,XESCOBA,8888888,10,7,3,j,f,0
GNOMO,XOFENSA,7777777,10,3,7,f,f,0
CASA,DIRIGIR,8888888,7,3,10,j,f,0
FONTANERO,TUBERÍA,7777777,10,7,3,f,f,0
LUZ,XPAELLA,6666666,7,1,12,j,f,0
LLEVAR,XPLAYAX,2222222,10,7,3,j,f,0
BROCHA,XPIZZAX,4444444,10,1,9,j,f,0
CASTAÑA,XXMARXX,5555555,10,7,3,f,f,0
SED,XXPANXX,4444444,10,7,3,j,f,0
HORNO,PANTALÓN,5555555,7,1,12,f,f,0
PEQUEÑO,XVENDAX,4444444,10,7,3,j,f,0
GENTE,XXMUDOX,6666666,7,3,10,j,f,0
FLOTAR,XENGAÑO,6666666,10,1,9,j,f,0
MOHO,XSANGRE,9999999,7,3,10,f,f,0
ESTE,XBAILEX,7777777,7,1,12,f,f,0
ESMOQUIN,XXPUROX,8888888,7,3,10,j,f,0
RÁPIDO,XAZUCAR,3333333,7,7,6,f,f,0
TÍA,XCUELLO,7777777,10,1,9,f,f,0
TONTO,XXVERXX,5555555,7,7,6,f,f,0
ALGUNO,XRELOJX,5555555,10,3,7,f,f,0
DANZA,XXSECOX,7777777,7,1,12,f,f,0
FIESTA,XGOLPEX,6666666,7,3,10,j,f,0
OREJA,GROSERO,7777777,7,7,6,f,f,0
GANSO,DEPÓSITO,2222222,7,3,10,j,f,0
DELGADO,XREINAX,5555555,7,1,12,f,f,0
MEMORIA,XSORDOX,2222222,10,1,9,j,f,0
COMIC,XSUAVEX,5555555,7,7,6,f,f,0
